userid,username,acctdesc,location,following,followers,totaltweets,usercreatedts,tweetid,tweetcreatedts,retweetcount,text,hashtags,language,coordinates,favorite_count,extractedts,source_file,language.1,is_duplicate,multi_category_match,timezone_assumed,clean_text,topic,prob,sentiment
1.50071e+18,ruscult_chennai,Russian House in Chennai (the Russian Centre for Science and Culture in Chennai),,62,24,87,07/03/2022 5:36,1.50971e+18,2022-01-04 09:41:00+00:00,0,"Rossotrudnichestvo continues to provide humanitarian support to people living in Ukraine. Baby food was delivered to the Kherson region yesterday. Each package is accompanied by drawings
and children‚Äôs wishes for peace everywhere. #RussianHouse #Rossotrudnichestvo #Ukraine https://t.co/JPz4VwV4n9",#RussianHouse #Rossotrudnichestvo #Ukraine,en,,0,01/04/2022 1:54,0401_UkraineCombinedTweetsDeduped.csv,en,False,False,UTC,Rossotrudnichestvo continues to provide humanitarian support to people living in Ukraine. Baby food was delivered to the Kherson region yesterday. Each package is accompanied by drawings and children‚Äôs wishes for peace everywhere. #RussianHouse #Rossotrudnichestvo #Ukraine,1,1.0,LABEL_2
8.64458e+17,SolarNeitrino,"–¥–æ–∫—Ç–æ—Ä —ç–ø–∏–¥–µ–º–∏–æ–ª–æ–≥
https://t.co/MIXgATYDI0","–£–∫—Ä–∞–∏–Ω–∞ (–•–∞—Ä—å–∫–æ–≤, –°–µ–≤–∞—Å—Ç–æ–ø–æ–ª—å)",144,704,23841,16/05/2017 12:30,1.50983e+18,2022-01-04 17:34:00+00:00,2,"Hello @ICRC. Why you are helping #Russia to force move Ukrainians? Why Russian Red Cross doing this? And one more question: why @MKKK closed replies to this tweet? What are you bought afraid of? 
#RussiaUkraineWar 
#RussianWarCrimes 
#ICRC #ICRC_Crimes https://t.co/xEHtVNDJrS",#Russia,en,,0,01/04/2022 10:00,0401_UkraineCombinedTweetsDeduped.csv,en,False,True,UTC,Hello . Why you are helping #Russia to force move Ukrainians? Why Russian Red Cross doing this? And one more question: why closed replies to this tweet? What are you bought afraid of? #RussiaUkraineWar #RussianWarCrimes #ICRC #ICRC_Crimes,-1,0.0,LABEL_0
1.36852e+18,ReemAlhasan20,Secretary- General‚Äôs Office & HR @arabrcrc,"Riyadh, Kingdom of Saudi Arabia",18,21,21,07/03/2021 11:03,1.5099e+18,2022-01-04 22:41:00+00:00,10,"At @arabrcrc General Assembly bringing voices and stories I heard during my mission in #Ukraine and #Romania. 

I was asked to brief participants on the critical humanitarian activities done by @RedCrossUkraine, Russian Red Cross &amp; all national societies of neighboring countries. https://t.co/6SKfUSPwk4",#Ukraine #Romania,en,,0,01/04/2022 14:45,0401_UkraineCombinedTweetsDeduped.csv,en,False,True,UTC,"At General Assembly bringing voices and stories I heard during my mission in #Ukraine and #Romania. I was asked to brief participants on the critical humanitarian activities done by , Russian Red Cross &amp; all national societies of neighboring countries.",0,0.8045438385916835,LABEL_1
1.50042e+18,KaranevychMaria,Glory to Ukraine !üá∫üá¶,,82,26,893,06/03/2022 10:31,1.51059e+18,2022-03-04 19:57:00+00:00,0,"@ICRC @ICRC Why russian Red Cross help to transport civilian to russia ??? They kill Ukrainians and you help to send people to the murders !!! It's the War Crime!
#StopRussia #ICRC #RussianWarCrimes #StandWithUkraineÔ∏è #StopWarInUkraine #WARINUKRAINE #Ukraine #RussiaIsATerroristState https://t.co/VevBR5iP55",#StopRussia #ICRC #RussianWarCrimes #StandWithUkraineÔ∏è #StopWarInUkraine #WARINUKRAINE #Ukraine #RussiaIsATerroristState,en,,0,03/04/2022 12:04,0403_UkraineCombinedTweetsDeduped.csv,en,False,True,UTC,Why russian Red Cross help to transport civilian to russia ??? They kill Ukrainians and you help to send people to the murders !!! It's the War Crime! #StopRussia #ICRC #RussianWarCrimes #StandWithUkraineÔ∏è #StopWarInUkraine #WARINUKRAINE #Ukraine #RussiaIsATerroristState,0,1.0,LABEL_0
1.50071e+18,ruscult_chennai,Russian House in Chennai (the Russian Centre for Science and Culture in Chennai),,62,28,110,07/03/2022 5:36,1.51103e+18,2022-05-04 00:58:00+00:00,1,"Since the creation of NATO, the organization has been presenting its activities from a position of peace. But history remembers what sacrifices the alliance's intervention costed Afghanistan, Iraq, Libya, Yugoslavia.
#Rossotrudnichestvo #NATO #Libya #Afghanistan #Yugoslavia https://t.co/ZJyHa38byV",#Rossotrudnichestvo #NATO #Libya #Afghanistan #Yugoslavia,en,,1,04/04/2022 17:11,0404_UkraineCombinedTweetsDeduped.csv,en,False,False,UTC,"Since the creation of NATO, the organization has been presenting its activities from a position of peace. But history remembers what sacrifices the alliance's intervention costed Afghanistan, Iraq, Libya, Yugoslavia. #Rossotrudnichestvo #NATO #Libya #Afghanistan #Yugoslavia",-1,0.0,LABEL_0
1.50071e+18,ruscult_chennai,Russian House in Chennai (the Russian Centre for Science and Culture in Chennai),,64,29,116,07/03/2022 5:36,1.51135e+18,2022-05-04 22:47:00+00:00,2,"Since the creation of NATO, the organization has been presenting its activities from a position of peace. But history remembers what sacrifices the alliance's intervention costed Afghanistan, Iraq, Libya, Yugoslavia.
#Rossotrudnichestvo #NATO #Libya #Iraq #Afganistan #yugoslavia https://t.co/EVQLlRf1Lx",#Rossotrudnichestvo #NATO #Libya #Iraq #Afganistan #yugoslavia,en,,3,05/04/2022 14:54,0405_UkraineCombinedTweetsDeduped.csv,en,False,False,UTC,"Since the creation of NATO, the organization has been presenting its activities from a position of peace. But history remembers what sacrifices the alliance's intervention costed Afghanistan, Iraq, Libya, Yugoslavia. #Rossotrudnichestvo #NATO #Libya #Iraq #Afganistan #yugoslavia",-1,0.0,LABEL_0
23356712.0,Bewlboy,#FBPE #RejoinEU #JohnsonOut #Ukraine #UkrainiansWillResist. N√≠ neart go cur le ch√©ile (no strength without unity) üáÆüá™üá™üá∫üá∫üá¶,European Union üá™üá∫,774,886,12269,08/03/2009 21:25,1.51146e+18,2022-06-04 05:54:00+00:00,0,"@mfa_russia @UNOCHA @RussiaUN @UN @MKKK @RF_OSCE @OSCE @osce_ru @mission_russian @RusembUkraine @MID_DNR #Lavrov #Ukraine #UkraineWar Was the Russian humanitarian mission in Ukraine discussed? There are some talking points in the attached. An in-depth discussion was surely pertinent around the subject of Russian murder, rape and looting? Ukraine round-up: https://t.co/vkXKgSCQBf",#Lavrov #Ukraine #UkraineWar,en,,0,05/04/2022 21:58,0405_UkraineCombinedTweetsDeduped.csv,en,False,True,UTC,"#Lavrov #Ukraine #UkraineWar Was the Russian humanitarian mission in Ukraine discussed? There are some talking points in the attached. An in-depth discussion was surely pertinent around the subject of Russian murder, rape and looting? Ukraine round-up:",1,0.8742994271089434,LABEL_1
820842008.0,RCSCMUMBAI,,"31-A, Dr. Gopalrao Deshmukh Ma",315,673,409,13/09/2012 3:51,1.52098e+18,2022-02-05 12:12:00+00:00,0,"Almost a hectare of flowers will be presented in ¬´Zaryadye¬ª Park for the first time

More information: https://t.co/tYtkQ5Jjpa

#RussianHouse #Rossotrudnichestvo #Moscow #AmazingRussia https://t.co/7oKqrNQPdR",#RussianHouse #Rossotrudnichestvo #Moscow #AmazingRussia,en,,1,02/05/2022 13:30,0502_UkraineCombinedTweetsDeduped.csv,en,False,False,UTC,Almost a hectare of flowers will be presented in ¬´Zaryadye¬ª Park for the first time More information: #RussianHouse #Rossotrudnichestvo #Moscow #AmazingRussia,1,0.9195189591136664,LABEL_2
290483042.0,maurlind,"mother of 4,Carer , lifelong DemocraticSocialist , tweets not endorsements.","England, United Kingdom",3170,3470,373678,30/04/2011 10:37,1.52363e+18,2022-09-05 19:53:00+00:00,21,"The Immortal Regiment parade was held in Amman today with the participation of the Russian Embassy and the representative office of ‚ÄúRossotrudnichestvo‚Äù in Jordan. The participants honored the memory of the heroes - participants of the Great Patriotic War. 

#WWII #VictoryDay https://t.co/lj0L4YPCnQ",,en,,0,09/05/2022 12:03,0509_UkraineCombinedTweetsDeduped.csv,en,False,False,UTC,The Immortal Regiment parade was held in Amman today with the participation of the Russian Embassy and the representative office of ‚ÄúRossotrudnichestvo‚Äù in Jordan. The participants honored the memory of the heroes - participants of the Great Patriotic War. #WWII #VictoryDay,-1,0.0,LABEL_2
1.50071e+18,ruscult_chennai,Russian House in Chennai (the Russian Centre for Science and Culture in Chennai),,64,124,225,07/03/2022 5:36,1.53203e+18,2022-01-06 23:53:00+00:00,2,"According to the Convention on the Rights of the Child, all children in the world have the right to life.
Russia will stop the crimes of the Kiev regime and return the right to childhood.
#RussianHouse #Rossotrudnichestvo #Donbass https://t.co/7gnSfSTZ8W",#RussianHouse #Rossotrudnichestvo #Donbass,en,,5,02/06/2022 1:13,0601_UkraineCombinedTweetsDeduped.csv,en,False,False,UTC,"According to the Convention on the Rights of the Child, all children in the world have the right to life. Russia will stop the crimes of the Kiev regime and return the right to childhood. #RussianHouse #Rossotrudnichestvo #Donbass",1,0.9547676997536748,LABEL_1
225018166.0,Intel_Online,"Exclusive intelligence news for 40 years. 100% independent.
Version fran√ßaise : @Intel_Online_Fr",,115,8809,4804,10/12/2010 13:10,1.53225e+18,2022-02-06 14:35:00+00:00,0,Aid and cooperation agency Rossotrudnichestvo is a versatile tool in #Russia's public relations armoury that has links with the intelligence services. #Ukraine https://t.co/L7V8yI8MCx,#Russia #Ukraine,en,,3,02/06/2022 7:29,0602_UkraineCombinedTweetsDeduped.csv,en,False,False,UTC,Aid and cooperation agency Rossotrudnichestvo is a versatile tool in #Russia's public relations armoury that has links with the intelligence services. #Ukraine,1,1.0,LABEL_1
128172181.0,rsgov,Official account of Rossotrudnichestvo,"–†–æ—Å—Å–∏—è, –ú–æ—Å–∫–≤–∞",448,86876,17675,31/03/2010 9:28,1.53557e+18,2022-11-06 18:40:00+00:00,3,"Foreign specialists who successfully work in Russia share their impressions.

#RussianHouse #Rossotrudnichestvo #Russia https://t.co/sSACVyvR9O",#RussianHouse #Rossotrudnichestvo #Russia,en,,3,11/06/2022 11:13,0611_UkraineCombinedTweetsDeduped.csv,en,False,False,UTC,Foreign specialists who successfully work in Russia share their impressions. #RussianHouse #Rossotrudnichestvo #Russia,1,1.0,LABEL_1
9.13822e+17,coope125,"üá∑üá∫  –õ–µ–∂–∞—Ç—å, –¥–µ–π—Å—Ç–≤–æ–≤–∞—Ç—å –±—ã—Å—Ç—Ä–æ, —É–±–∏–≤–∞—Ç—å –ø–µ—Ä–≤—ã–º, –∑–∞—Ç–µ–º —É–º–µ—Ä–µ—Ç—å –ø–æ—Å–ª–µ–¥–Ω–∏–º! –°–ª–∞–≤–∞ –†–æ—Å—Å–∏—è!!!",Nizhny Novgorod,19,4838,3629,29/09/2017 17:46,1.54652e+18,2022-11-07 23:50:00+00:00,1,"Much appreciation to volunteers üëè,People's Front together with the Russian Humanitarian Mission with the support of the NM LPR opened a second field kitchen in Pervomaisk for #Ukraine refugees https://t.co/McnwlVbJbX",#Ukraine,en,,5,11/07/2022 15:58,0711_UkraineCombinedTweetsDeduped.csv,en,False,False,UTC,"Much appreciation to volunteers üëè,People's Front together with the Russian Humanitarian Mission with the support of the NM LPR opened a second field kitchen in Pervomaisk for #Ukraine refugees",0,0.8036969966557252,LABEL_2
128172181.0,rsgov,Official account of Rossotrudnichestvo,"–†–æ—Å—Å–∏—è, –ú–æ—Å–∫–≤–∞",448,87378,17713,31/03/2010 9:28,1.5552e+18,2022-04-08 22:22:00+00:00,0,"U.S. documentary filmmaker Deborah Scranton told the Russian House about Americans' attitude toward Russians.

#RussianHouse #Rossotrudnichestvo #Russia #USA https://t.co/iUKdaUGq41",#RussianHouse #Rossotrudnichestvo #Russia #USA,en,,0,04/08/2022 15:41,0804_UkraineCombinedTweetsDeduped.csv,en,False,False,UTC,U.S. documentary filmmaker Deborah Scranton told the Russian House about Americans' attitude toward Russians. #RussianHouse #Rossotrudnichestvo #Russia #USA,1,1.0,LABEL_1
1.34546e+18,DimagogVo,,,106,2,300,02/01/2021 20:03,1.55743e+18,2022-11-08 02:18:00+00:00,0,"@RussianEmbassy Let me guess, SVR paid off this guy to publish this. And how many media outlets do Russians have or how many assassinated journalists? Your just install cultural centers (Rossotrudnichestvo) across the globe to push your lies and Soviet ideals. Fing üá∑üá∫ü§° #RussiaIsATerroristState",#RussiaIsATerroristState,en,,0,11/08/2022 3:08,0810_UkraineCombinedTweetsDeduped.csv,en,False,False,UTC,"Let me guess, SVR paid off this guy to publish this. And how many media outlets do Russians have or how many assassinated journalists? Your just install cultural centers (Rossotrudnichestvo) across the globe to push your lies and Soviet ideals. Fing üá∑üá∫ü§° #RussiaIsATerroristState",1,1.0,LABEL_0
2515838505.0,VladLupan,"Professor at FDU & NYU (part-time). Ex-Ambassador of Moldova to UN. Ex-peacekeeper. Ex-CSO. Alien in NY for now, Dad forever. RT‚â†endorsements.","New York, USA",637,1402,8032,29/04/2014 0:50,1.56788e+18,2022-08-09 22:02:00+00:00,12,"Can Kremlin still show imperial ambition via culture, regardless of losses in #Ukraine? Today Rossotrudnichestvo placed a ""cultural"" post on FB ""Peoples of #Russia: Moldovans"". Not people living in Russia, but peoples of Russia...

R. #Moldova - a Romanian/Latin speaking country https://t.co/JFxZuo3xBP",#Ukraine #Russia #Moldova,en,,27,08/09/2022 17:44,0908_UkraineCombinedTweetsDeduped.csv,en,False,False,UTC,"Can Kremlin still show imperial ambition via culture, regardless of losses in #Ukraine? Today Rossotrudnichestvo placed a ""cultural"" post on FB ""Peoples of #Russia: Moldovans"". Not people living in Russia, but peoples of Russia... R. #Moldova - a Romanian/Latin speaking country",1,1.0,LABEL_0
1.25548e+18,imminent_news,"World news for global citizens - We search for the most shared news in any language and bring them to you. Now focused on the Ukrainian crisis.
By @translation",,1,108571,41601,29/04/2020 13:04,1.5879e+18,2022-03-11 04:29:00+00:00,0,"üá∫üá¶ In Crimea, the Russian Red Cross stole Ukrainian property  #news #TSN  #ukraine #mostshared https://t.co/LBfJfEJ6wF",#news #TSN #ukraine #mostshared,en,,3,03/11/2022 0:18,1102_UkraineCombinedTweetsDeduped.csv,en,False,True,UTC,"üá∫üá¶ In Crimea, the Russian Red Cross stole Ukrainian property #news #TSN #ukraine #mostshared",0,0.9808511287711817,LABEL_0
9.43482e+17,U_Tribune,The Ukrainian Tribune - the view from inside | https://t.co/XjgnJNlgiW,Ukraine,4001,5510,6878,20/12/2017 14:02,1.58794e+18,2022-03-11 07:07:00+00:00,0,"russian Red Cross steals property from Ukrainian Red Cross with tacit consent of the International Federation - ombudsman

https://t.co/wbYempUAm1

#ICRC #russia #Ukraine #war #UkraineWar #UkraineRussiaWar #RussiaIsLosing https://t.co/RpVBI2XJde",#ICRC #russia #Ukraine #war #UkraineWar #UkraineRussiaWar #RussiaIsLosing,en,,2,03/11/2022 2:12,1102_UkraineCombinedTweetsDeduped.csv,en,False,True,UTC,russian Red Cross steals property from Ukrainian Red Cross with tacit consent of the International Federation - ombudsman #ICRC #russia #Ukraine #war #UkraineWar #UkraineRussiaWar #RussiaIsLosing,0,1.0,LABEL_0
1.51326e+18,swflwarrior,"Volunteers in The Ukraine War!
Currently raising funds & taking donations for Combat Medical Equipment, Armor, CBRN Gear & more! Please help us help Ukraine!",Cape Coral FL,3,837,8490,10/04/2022 21:13,1.58817e+18,2022-03-11 22:08:00+00:00,1,"Article Link: https://t.co/434kUriIFv 
Russian Red Cross steals property from Ukrainian Red Cross in Crimea

Please Follow us to help the people of Ukraine 

#ukrainewar #ukraine #war #army #military  #specialforces #russia #nato #donetsk #soldiers #ukrainenews #odessa #ukrainian",#ukrainewar #ukraine #war #army #military #specialforces #russia #nato #donetsk #soldiers #ukrainenews #odessa #ukrainian,en,,0,04/11/2022 1:14,1103_UkraineCombinedTweetsDeduped.csv,en,False,True,UTC,Article Link: Russian Red Cross steals property from Ukrainian Red Cross in Crimea Please Follow us to help the people of Ukraine #ukrainewar #ukraine #war #army #military #specialforces #russia #nato #donetsk #soldiers #ukrainenews #odessa #ukrainian,0,1.0,LABEL_0
21729540.0,knittingknots,"Goals: Stand up for justice, liberty, truth, reality.   Be aware of implicit bias.  Block asshattery.  Remember, physics wins in the end.  Take time to write.",Lost in the Minnesota North Woods,3695,4314,563773,24/02/2009 4:34,1.58818e+18,2022-03-11 22:24:00+00:00,0,Russian Red Cross steals property from Ukrainian Red Cross in Crimea | Ukrainska Pravda https://t.co/GCKWhxT747 #Ukraine  #UkraineRussiaWar #UkraineUnderAttack #UkraineWarNews,#Ukraine #UkraineRussiaWar #UkraineUnderAttack #UkraineWarNews,en,,0,03/11/2022 18:43,1103_UkraineCombinedTweetsDeduped.csv,en,False,True,UTC,Russian Red Cross steals property from Ukrainian Red Cross in Crimea | Ukrainska Pravda #Ukraine #UkraineRussiaWar #UkraineUnderAttack #UkraineWarNews,0,1.0,LABEL_0
1.56092e+18,europeanMedia24,Supporting European News with facts and links to content relevant to current events,London,224,101,4958,20/08/2022 9:02,1.58819e+18,2022-03-11 23:14:00+00:00,0,"The Russian Red Cross, which is a member of the International Red Cross and Red Crescent Movement, has stolen property belonging to the...
üîó https://t.co/BdRGQKekyz
#Russia #Ukraine #BBCBreaking https://t.co/ZQEa27wq1u",#Russia #Ukraine #BBCBreaking,en,,0,03/11/2022 19:43,1103_UkraineCombinedTweetsDeduped.csv,en,False,True,UTC,"The Russian Red Cross, which is a member of the International Red Cross and Red Crescent Movement, has stolen property belonging to the... üîó #Russia #Ukraine #BBCBreaking",0,1.0,LABEL_0
1.52985e+18,UA_22_Ukraine,"Support aux ukraniens, diverses nouvelles! üá∫üá¶ #Ukraine #ArmUkraineNow  #StandWithUkraine #Kiev #Zelensky #EU #Europe üá™üá∫",,616,369,11363,26/05/2022 15:43,1.58819e+18,2022-03-11 23:40:00+00:00,0,"#Russian Red Cross steals property from Ukrainian Red Cross in #Crimea
 https://t.co/g9g36aWI8Y https://t.co/D2U5cH5KdP",#Russian #Crimea,en,,2,04/11/2022 1:53,1103_UkraineCombinedTweetsDeduped.csv,en,False,True,UTC,#Russian Red Cross steals property from Ukrainian Red Cross in #Crimea,0,1.0,LABEL_0
1.22208e+18,Odessa_Journal,"THE ENGLISH VOICE OF ODESSA
#Odessa #Ukraine  ‚ò¶‚ú°‚ò™üé®üéºüìñüé•üíã

HELP THE WORK OF OUR EDITORIAL TEAM !
Become our PATRON: https://t.co/dUQDPU6mBa","Odessa, Ukraine",658,9268,5669,28/01/2020 9:12,1.5883e+18,2022-04-11 06:45:00+00:00,8,"‚ÄúThe Russian Red Cross stole the property of the Ukrainian society with the tacit consent of the International Federation,‚Äù said the Ukrainian Parliament Commissioner for Human Rights Dmitry Lubinets  üöë
#Ukraine 
https://t.co/bmYZzpHPAz",#Ukraine,en,,7,04/11/2022 2:08,1103_UkraineCombinedTweetsDeduped.csv,en,False,True,UTC,"‚ÄúThe Russian Red Cross stole the property of the Ukrainian society with the tacit consent of the International Federation,‚Äù said the Ukrainian Parliament Commissioner for Human Rights Dmitry Lubinets üöë #Ukraine",0,1.0,LABEL_0
1.50235e+18,ResistUA,The chronicles of russia`s destruction,–£–∫—Ä–∞—ó–Ω–∞,15,8980,2816,11/03/2022 18:22,1.5907e+18,2022-10-11 21:30:00+00:00,6,"‚õîÔ∏è Yesterday, a protest was held near the Red Cross Office in Paris. The participants demanded sending a monitoring mission to Olenivka and excluding #russian Red Cross from the IFRC and ICRC due to violations of the policy of neutrality

#RedCross https://t.co/orxMDLnkex",#russian #RedCross,en,,10,10/11/2022 18:52,1110_UkraineCombinedTweetsDeduped.csv,en,False,True,UTC,"‚õîÔ∏è Yesterday, a protest was held near the Red Cross Office in Paris. The participants demanded sending a monitoring mission to Olenivka and excluding #russian Red Cross from the IFRC and ICRC due to violations of the policy of neutrality #RedCross",0,0.8492724940999807,LABEL_0
1.22643e+18,Ettel_wen,Wood Elf. Not impersonating‚Ñ¢ anyone but myself. No games with pronounce¬© here either.,Valenwood,2429,445,45571,09/02/2020 9:09,1.59146e+18,2022-12-11 23:49:00+00:00,0,"Tell that to #Russians.
They broke every single part of #GenevaConvention. And what happened? Nothing. Russian Red Cross is even supporting #RussianArmy soldiers with food and medical equipment. (Note that #RedCross is not supporting #UkraineArmy at all). https://t.co/WKPJMnWjNY",#Russians #GenevaConvention #RussianArmy #RedCross #UkraineArmy,en,,0,13/11/2022 1:33,1112_UkraineCombinedTweetsDeduped.csv,en,False,True,UTC,Tell that to #Russians. They broke every single part of #GenevaConvention. And what happened? Nothing. Russian Red Cross is even supporting #RussianArmy soldiers with food and medical equipment. (Note that #RedCross is not supporting #UkraineArmy at all).,0,0.914050950646006,LABEL_0
4103492464.0,EmineDzheppar,First Deputy Minister of Foreign Affairs of Ukraine,–ö–∏—ó–≤,446,43708,6176,03/11/2015 8:55,1.59865e+18,2022-02-12 20:22:00+00:00,18,"Pleased to meet with @jagan_chapagain.
We discussed @IFRC lifesaving humanitarian assistance amidüá∑üá∫ aggression.Called for robust response to Russian Red Cross activities which undermine Int‚Äôl Red Cross&amp;Red Crescent Movement &amp; violate sovereignty&amp;territorial integrity of #Ukraine. https://t.co/U2iT9CFqxY",#Ukraine,en,,55,02/12/2022 14:29,1202_UkraineCombinedTweetsDeduped.csv,en,False,True,UTC,Pleased to meet with . We discussed lifesaving humanitarian assistance amidüá∑üá∫ aggression.Called for robust response to Russian Red Cross activities which undermine Int‚Äôl Red Cross&amp;Red Crescent Movement &amp; violate sovereignty&amp;territorial integrity of #Ukraine.,0,0.8393466450061344,LABEL_1
1.55472e+18,__kurlyk_,"Glory to Ukraine!
Glory to heroes!
üíôüíõüá∫üá¶
                                                           
–Ω–∞—à–∞ —Ä—É—Å–æ—Ñ–æ–±—ñ—è –Ω–µ–¥–æ—Å—Ç–∞—Ç–Ω—è üëπ",–£–∫—Ä–∞—ó–Ω–∞,138,34,463,03/08/2022 6:32,1.60011e+18,2022-06-12 20:42:00+00:00,1,"The war with Ukraine is financed under the auspices of the #RedCross.

It became known that the #russian Red Cross systematically cooperates and transfers funds to an organization close to #putin and his party - #–º—ã–≤–º–µ—Å—Ç–µ.ü§¨

üëâ More details:
https://t.co/UUs8GH8yG6 https://t.co/qlC8vKke2o",#RedCross #russian #putin #–º—ã–≤–º–µ—Å—Ç–µ,en,,1,06/12/2022 19:40,1206_UkraineCombinedTweetsDeduped.csv,en,False,True,UTC,The war with Ukraine is financed under the auspices of the #RedCross. It became known that the #russian Red Cross systematically cooperates and transfers funds to an organization close to #putin and his party - #–º—ã–≤–º–µ—Å—Ç–µ.ü§¨ üëâ More details:,0,1.0,LABEL_1
1.55472e+18,__kurlyk_,"Glory to Ukraine!
Glory to heroes!
üíôüíõüá∫üá¶
                                                           
–Ω–∞—à–∞ —Ä—É—Å–æ—Ñ–æ–±—ñ—è –Ω–µ–¥–æ—Å—Ç–∞—Ç–Ω—è üëπ",–£–∫—Ä–∞—ó–Ω–∞,138,34,463,03/08/2022 6:32,1.60011e+18,2022-06-12 20:50:00+00:00,1,"Stop the financing of #terrorism under the auspices of the #RedCross , to prosecute the officials of #russian office, to prohibit the organization that criminally calls itself the ""Russian Red Cross"" from using the symbols of the Red Cross. 
#osintflow #BanRussianRedCross",#terrorism #RedCross #russian #osintflow #BanRussianRedCross,en,,1,06/12/2022 18:09,1206_UkraineCombinedTweetsDeduped.csv,en,False,True,UTC,"Stop the financing of #terrorism under the auspices of the #RedCross , to prosecute the officials of #russian office, to prohibit the organization that criminally calls itself the ""Russian Red Cross"" from using the symbols of the Red Cross. #osintflow #BanRussianRedCross",0,1.0,LABEL_0
1.49674e+18,PesentiMarina,We will prevail,"London, England",205,31,67,24/02/2022 6:43,1.60047e+18,2022-07-12 20:43:00+00:00,1,"#Russia soft power organisations like @RusskiyMir &amp; Rossotrudnichestvo  weaponise culture in occupied territories of #UkraineÔ∏è: they combine propaganda with humanitarian aid, ""russify"" local population - Nadia Koval of @UA_Institute at Intl #CulturalDiplomacy Forum in Brussels. https://t.co/dY2wi34s4O",#Russia #UkraineÔ∏è #CulturalDiplomacy,en,,1,07/12/2022 16:56,1207_UkraineCombinedTweetsDeduped.csv,en,False,False,UTC,"#Russia soft power organisations like &amp; Rossotrudnichestvo weaponise culture in occupied territories of #UkraineÔ∏è: they combine propaganda with humanitarian aid, ""russify"" local population - Nadia Koval of at Intl #CulturalDiplomacy Forum in Brussels.",1,1.0,LABEL_0
1.56745e+18,AliaVeraNews,"In a changing world, the well-informed are best prepared for change. At AliaVera, we publish the news as delivered to its audience, for our audience.","United States, Europe, Asia",8,5,1785,07/09/2022 10:09,1.60149e+18,2022-10-12 16:01:00+00:00,0,"Rossotrudnichestvo commented on Germany's statement about a coup attempt #MK #Russia #russianews #russiannews 

https://t.co/0fQ8ISoA6t
https://t.co/0fQ8ISoA6t",#MK #Russia #russianews #russiannews,en,,0,10/12/2022 13:28,1210_UkraineCombinedTweetsDeduped.csv,en,False,False,UTC,Rossotrudnichestvo commented on Germany's statement about a coup attempt #MK #Russia #russianews #russiannews,1,1.0,LABEL_1
29709009.0,lukeharding1968,"Journalist @Guardian, #1 New York Times best-selling author. New book: Invasion: Russia's Bloody War and Ukraine's Fight for Survival. Agent: @SLANYC",London,1524,92400,10648,08/04/2009 13:01,1.61058e+18,2023-04-01 18:00:00+00:00,36,"Super investigation by @Reuters  into how #Russian agents of influence operate in Germany. They include pro-Putin ""Cossacks""; a military intelligence guy; and a businessman with links to Rossotrudnichestvo, the Kremlin's culture outfit https://t.co/pmiHM0PvDv via @SpecialReports",#Russian,en,,64,04/01/2023 16:59,20230104_UkraineCombinedTweetsDeduped.csv,en,False,False,UTC,"Super investigation by into how #Russian agents of influence operate in Germany. They include pro-Putin ""Cossacks""; a military intelligence guy; and a businessman with links to Rossotrudnichestvo, the Kremlin's culture outfit via",1,1.0,LABEL_1
1.09023e+18,hwag_ucmc,Countering disinformation & propaganda,,616,14557,12178,29/01/2019 12:56,1.61062e+18,2023-04-01 20:33:00+00:00,1,"‚ÄúOpolchenochka‚Äù was inspired by ‚ÄúRossotrudnichestvo‚Äù, the #Kremlin‚Äôs ""soft power"" institution, and is a classic example of Russian propaganda attempting to legitimize #Russia's aggression in the global community.",#Kremlin #Russia,en,,4,04/01/2023 18:14,20230104_UkraineCombinedTweetsDeduped.csv,en,False,False,UTC,"‚ÄúOpolchenochka‚Äù was inspired by ‚ÄúRossotrudnichestvo‚Äù, the #Kremlin‚Äôs ""soft power"" institution, and is a classic example of Russian propaganda attempting to legitimize #Russia's aggression in the global community.",1,0.9938673360996005,LABEL_0
18018500.0,highbg,Bulgarian journalist. Posting a link or RT does NOT mean endorsement,Sofia,3427,559,15459,10/12/2008 13:12,1.61085e+18,2023-05-01 12:19:00+00:00,0,@m_tsvetkova @specialreports '#Russian #government #agency #Rossotrudnichestvo is under #EU #sanctions for #running a #network of ‚Äú#agents of #influence‚Äù #spreading #Kremlin #narratives'. Its former boss is #Ambassador to #Bulgaria Mitrofanova,#Russian #government #agency #Rossotrudnichestvo #EU #sanctions #running #network #agents #influence #spreading #Kremlin #narratives #Ambassador #Bulgaria,en,,0,05/01/2023 12:31,20230105_UkraineCombinedTweetsDeduped.csv,en,False,False,UTC,'#Russian #government #agency #Rossotrudnichestvo is under #EU #sanctions for #running a #network of ‚Äú#agents of #influence‚Äù #spreading #Kremlin #narratives'. Its former boss is #Ambassador to #Bulgaria Mitrofanova,1,0.9658900164982585,LABEL_1
3092226771.0,shanethewriter5,I'm a #writer.#Politician.#Lyricist. freelance #columnist and #author of 'Life In Idleness' and soon to be certified #nutritionist & #fitness trainer.,Indiana,1652,452,18093,16/03/2015 3:16,1.63192e+18,2023-04-03 15:12:00+00:00,0,"September 13th 2014, Second Russian aid convoy enters Ukraine without permission from Kyiv #Economics #Finance #History #Business #Russia #–†–æ—Å—Å–∏—è #Ukraine #–£–∫—Ä–∞–∏–Ω–∞ #Europe #FederalReserve #ECB #CentralBanks #Banking #Trade #Currency #Money #Debt @euronews  https://t.co/eiLOp3Fr9v",#Economics #Finance #History #Business #Russia #–†–æ—Å—Å–∏—è #Ukraine #–£–∫—Ä–∞–∏–Ω–∞ #Europe #FederalReserve #ECB #CentralBanks #Banking #Trade #Currency #Money #Debt,en,,0,04/03/2023 12:12,20230304_UkraineCombinedTweetsDeduped.csv,en,False,False,UTC,"September 13th 2014, Second Russian aid convoy enters Ukraine without permission from Kyiv #Economics #Finance #History #Business #Russia #–†–æ—Å—Å–∏—è #Ukraine #–£–∫—Ä–∞–∏–Ω–∞ #Europe #FederalReserve #ECB #CentralBanks #Banking #Trade #Currency #Money #Debt",-1,0.0,LABEL_1
7.72768e+17,SANAEnOfficial,The official Twitter account for the Syrian Arab News Agency SANA,Syria,26,8237,17510,05/09/2016 12:06,1.63194e+18,2023-04-03 16:54:00+00:00,2,"#Earthquake: A #Russian aid convoy, loaded with 1300 kg of medicines and medical supplies to Health Directorate, arrives in #Lattakia
https://t.co/AszTcQUShj https://t.co/s5Mn4ba5ym",#Earthquake #Russian #Lattakia,en,,3,04/03/2023 12:27,20230304_UkraineCombinedTweetsDeduped.csv,en,False,False,UTC,"#Earthquake: A #Russian aid convoy, loaded with 1300 kg of medicines and medical supplies to Health Directorate, arrives in #Lattakia",-1,0.0,LABEL_1
1.45623e+18,ReddySalina,"#Democracy is the face of a #layman
Democracy represents the #idea of a #nation 
Don't spoil it for #personal #riches & #Grudges

RT, QT and Likes ‚â† endorsment.",Earth,1114,641,160838,04/11/2021 11:55,1.63197e+18,2023-04-03 18:43:00+00:00,0,"A #Russian aid #convoy, loaded with 1300 kg of #medicines and #medical #supplies to #Health Directorate, arrives in #Lattakia 

#Syria_earthquake https://t.co/I7CLlZpjeG",#Russian #convoy #medicines #medical #supplies #Health #Lattakia #Syria_earthquake,en,,0,04/03/2023 13:50,20230304_UkraineCombinedTweetsDeduped.csv,en,False,False,UTC,"A #Russian aid #convoy, loaded with 1300 kg of #medicines and #medical #supplies to #Health Directorate, arrives in #Lattakia #Syria_earthquake",-1,0.0,LABEL_1
7.50945e+17,Suatklcts,Ali Suat Kƒ±lƒ±√ßta≈ü free palestine## new account :yeni hesabƒ±m,,4998,488,217200,07/07/2016 6:50,1.63203e+18,2023-04-03 22:37:00+00:00,0,"SANA reporter: A #Russian aid convoy, loaded with 1300 kg of medicines and medical supplies to Health Directorate, arrived in #Lattakia. Sana News agency..... https://t.co/ebv3IyyXXv",#Russian #Lattakia,en,,0,04/03/2023 18:20,20230304_UkraineCombinedTweetsDeduped.csv,en,False,False,UTC,"SANA reporter: A #Russian aid convoy, loaded with 1300 kg of medicines and medical supplies to Health Directorate, arrived in #Lattakia. Sana News agency.....",-1,0.0,LABEL_1
7.91297e+17,SteeleSyAA,üá∏üáæSyria and all things Syrian Arab Armyüá∏üáæ,home,7877,9126,24722,26/10/2016 15:14,1.63227e+18,2023-05-03 14:33:00+00:00,1,"A Russian aid convoy containing 1300 kg of medicines and medical supplies arrives at the Directorate of Health in #Lattakia.
#Syria #Russia #SyAA #Syrianarmyüá∏üáæ https://t.co/ABkVipVDuT",#Lattakia #Syria #Russia #SyAA #Syrianarmy,en,,7,05/03/2023 11:59,20230305_UkraineCombinedTweetsDeduped.csv,en,False,False,UTC,A Russian aid convoy containing 1300 kg of medicines and medical supplies arrives at the Directorate of Health in #Lattakia. #Syria #Russia #SyAA #Syrianarmyüá∏üáæ,-1,0.0,LABEL_1
1.59062e+18,DukeCristian1,"Hereditary Aristrocat, member of the House of Italian Gerardi nobility, ancient Carthaginian nobility, Hasdrubal the Boetharch line to King Hasdrubal 1st.",,2074,163,3918,10/11/2022 8:09,1.64423e+18,2023-07-04 14:37:00+00:00,5,"#Discover #Russia üíãüá∑üá∫‚ù§Ô∏è
As never you seen before 

#Rosturism #Rossotrudnichestvo #viajarenRusia #AmazingRussia #–†—É—Å—Å–∫–∏–π–î–æ–º #RussianHouse #–†–æ—Å—Å–æ—Ç—Ä—É–¥–Ω–∏—á–µ—Å—Ç–≤–æ https://t.co/j0gUyxc3yd",#Discover #Russia #Rosturism #Rossotrudnichestvo #viajarenRusia #AmazingRussia #–†—É—Å—Å–∫–∏–π–î–æ–º #RussianHouse #–†–æ—Å—Å–æ—Ç—Ä—É–¥–Ω–∏—á–µ—Å—Ç–≤–æ,en,,0,07/04/2023 7:36,20230407_UkraineCombinedTweetsDeduped.csv,en,False,False,UTC,#Discover #Russia üíãüá∑üá∫‚ù§Ô∏è As never you seen before #Rosturism #Rossotrudnichestvo #viajarenRusia #AmazingRussia #–†—É—Å—Å–∫–∏–π–î–æ–º #RussianHouse #–†–æ—Å—Å–æ—Ç—Ä—É–¥–Ω–∏—á–µ—Å—Ç–≤–æ,1,1.0,LABEL_2
1.08078e+18,kit_uy11161981,PUTIN all my love U XI üëë PUT GOD FIRST,,173,562,97903,03/01/2019 10:47,1.64433e+18,2023-07-04 21:04:00+00:00,1,"In Latakia (Syria), the Russian Red Cross set up a mobile aid station. It is a large inflatable tent equipped with electricity, communication, coolers with hot and cold water, air conditioning, heaters, thermal pads to maintain a comfortable temperature. 

#Russia #Syria https://t.co/fRbUAU3XHM",#Russia #Syria,en,,0,07/04/2023 13:36,20230407_UkraineCombinedTweetsDeduped.csv,en,False,True,UTC,"In Latakia (Syria), the Russian Red Cross set up a mobile aid station. It is a large inflatable tent equipped with electricity, communication, coolers with hot and cold water, air conditioning, heaters, thermal pads to maintain a comfortable temperature. #Russia #Syria",-1,0.0,LABEL_1
1.22643e+18,Ettel_wen,Wood Elf. Not impersonating‚Ñ¢ anyone but myself. No games with pronounce¬© here either. –á - √ï üòâ,Valenwood,3471,948,62348,09/02/2020 9:09,1.66727e+18,2023-10-06 04:48:00+00:00,0,"@Alli_der_2te @ICRC Don't start this ""is a part"" of #RedCross. As your beloved @ICRC will need to explain then how #Russian Red Cross is supplying food and tach med to #russianArmy, stating they are ""neutral"".  Don't.
Ukraine Red cross was during first evacuation from #Kherson -small team. #fact",#RedCross #Russian #russianArmy #Kherson #fact,en,,0,09/06/2023 22:14,20230609_UkraineCombinedTweetsDeduped.csv,en,False,True,UTC,"Don't start this ""is a part"" of #RedCross. As your beloved will need to explain then how #Russian Red Cross is supplying food and tach med to #russianArmy, stating they are ""neutral"". Don't. Ukraine Red cross was during first evacuation from #Kherson -small team. #fact",0,0.869421011297159,LABEL_0
2445586759.0,cnnsuxx,"In the name of freedom and democracy, you shall have neither.",Global Citizen,689,708,78063,15/04/2014 15:09,1.49855e+18,2022-01-03 14:31:00+00:00,1,"Despite the losses of the üá∫üá¶ army, it continues to carry out the shelling of peaceful areas in the liberated territories. Under these conditions, #Russian humanitarian mission organized the distribution of humanitarian aid.",,en,,0,01/03/2022 6:33,UkraineCombinedTweetsDeduped_MAR01.csv,en,False,False,UTC,"Despite the losses of the üá∫üá¶ army, it continues to carry out the shelling of peaceful areas in the liberated territories. Under these conditions, #Russian humanitarian mission organized the distribution of humanitarian aid.",-1,0.0,LABEL_1
1.3828e+18,Bruno_MHS,A regular person but with the eyes Open to what's going on the world.,The Netherlands,69,9,470,15/04/2021 20:54,1.49983e+18,2022-05-03 03:19:00+00:00,0,"@nexta_tv I am for exemple commenting #Putin tweets, Russian Red Cross and others with pictures and videos from bombardments and from what is going on on this war.

Try to expose this massacre to the common Russian persons.",#Putin,en,,0,04/03/2022 19:20,UkraineCombinedTweetsDeduped_MAR04.csv,en,False,True,UTC,"I am for exemple commenting #Putin tweets, Russian Red Cross and others with pictures and videos from bombardments and from what is going on on this war. Try to expose this massacre to the common Russian persons.",-1,0.0,LABEL_0
100360234.0,JaspiesMate,"Wide range of interests and causes ! Fair Trade, justice and peace ~ development issues",North West England,1050,585,35093,30/12/2009 0:38,1.50012e+18,2022-05-03 22:48:00+00:00,1,"#Russia: Clothes, PPE and hygiene kits have been delivered by the Russian Red Cross to people who've crossed the border and are in temporary accommodation in the #Rostov region. https://t.co/tweXVkKLqN",#Russia,en,,0,05/03/2022 14:49,UkraineCombinedTweetsDeduped_MAR05.csv,en,False,True,UTC,"#Russia: Clothes, PPE and hygiene kits have been delivered by the Russian Red Cross to people who've crossed the border and are in temporary accommodation in the #Rostov region.",0,0.9720015515614342,LABEL_1
293964516.0,JulianTHarris,"International Federation of the Red Cross. Global Senior Security Advisor. All tweets are my own opinions, thoughts, interests.","Geneva, Switzerland",229,285,11300,06/05/2011 8:54,1.50043e+18,2022-06-03 19:03:00+00:00,0,"ifrc

RT @BritishRedCross: #Russia: Clothes, PPE and hygiene kits have been delivered by the Russian Red Cross to people who've crossed the border and are in temporary accommodation in the #Rostov region. https://t.co/DtugzwaaUD

‚Äî IFRC (@ifrc) Mar 6, 2022

 @ifrc",#Russia #Rostov,en,,0,06/03/2022 11:07,UkraineCombinedTweetsDeduped_MAR06.csv,en,False,True,UTC,"ifrc RT : #Russia: Clothes, PPE and hygiene kits have been delivered by the Russian Red Cross to people who've crossed the border and are in temporary accommodation in the #Rostov region. ‚Äî IFRC ( ) Mar 6, 2022",0,0.9940064637210676,LABEL_1
1.25195e+18,LoveWorld_Peopl,Breaking News & Latest Headlines from around the World. Global News and Global Opinions,Europe,2722,1625,10751,19/04/2020 18:56,1.50091e+18,2022-08-03 03:06:00+00:00,1,"#BREAKING #FRANCE #UKRAINE #RUSSIA

üî¥PARIS : #VIDEO MOLOTOV COCKTAIL WAS THROWN AGAINST #RUSSIAN OFFICE BUILDING OF ROSSOTRUDNICHESTVO

-Federal Agency for the affairs of Commonwealth of Independent States of Russia- in #Paris

#BreakingNews #UkraineRussia #UkraineWar #Ucrania https://t.co/gbAiFG5UTm",#BREAKING #FRANCE #UKRAINE #RUSSIA #VIDEO #RUSSIAN #Paris #BreakingNews #UkraineRussia #UkraineWar #Ucrania,en,,0,07/03/2022 19:09,UkraineCombinedTweetsDeduped_MAR07.csv,en,False,False,UTC,#BREAKING #FRANCE #UKRAINE #RUSSIA üî¥PARIS : #VIDEO MOLOTOV COCKTAIL WAS THROWN AGAINST #RUSSIAN OFFICE BUILDING OF ROSSOTRUDNICHESTVO -Federal Agency for the affairs of Commonwealth of Independent States of Russia- in #Paris #BreakingNews #UkraineRussia #UkraineWar #Ucrania,1,0.9524806481233552,LABEL_1
3116767554.0,Gorky_sadan,"Gorky Sadan -
Rossotrudnichestvo in Kolkata","Kolkata,India",5,54,454,30/03/2015 9:40,1.50094e+18,2022-08-03 04:52:00+00:00,1,"Many people in the world are against discrimination of Russians. 
#–†–æ—Å—Å–æ—Ç—Ä—É–¥–Ω–∏—á–µ—Å—Ç–≤–æ #Rossotrudnichestvo  #RussianHouse #–†—É—Å—Å–∫–∏–π–î–æ–º  #Russia https://t.co/bfljnRxsdn",#–†–æ—Å—Å–æ—Ç—Ä—É–¥–Ω–∏—á–µ—Å—Ç–≤–æ #Rossotrudnichestvo,en,,0,07/03/2022 20:55,UkraineCombinedTweetsDeduped_MAR07.csv,en,False,False,UTC,Many people in the world are against discrimination of Russians. #–†–æ—Å—Å–æ—Ç—Ä—É–¥–Ω–∏—á–µ—Å—Ç–≤–æ #Rossotrudnichestvo #RussianHouse #–†—É—Å—Å–∫–∏–π–î–æ–º #Russia,1,0.8945418859608856,LABEL_1
2209529726.0,takaatsurit,"ÂãïÁâ©„Å®Ëá™ÁÑ∂„Å®Âú∞ÁêÉ„ÄÅ„Åù„Åó„Å¶ÂÖ®„Å¶„ÅÆ„ÅÑ„ÅÆ„Å°„ÇíÂÆà„Çã„Åì„Å®„Åå‰ΩøÂëΩ„Åß„Åô„ÄÄÊäïË≥á„ÅÆÂà©Áõä„ÇíÂãïÁâ©„ÅÆ„Åü„ÇÅ„Å´„ÄÄÊäïË≥á„ÅÆÊåáÈáù„ÅØ‰∫àË®Ä„Åã„Çâ„ÄÄAnimal rights,Derivatives trading,Investment",JPN,2329,1713,231713,22/11/2013 20:48,1.50122e+18,2022-08-03 23:36:00+00:00,8,"Deputy Head of Rossotrudnichestvo Poklonskaya visited #Ukraine and said that the nationalists threatened to kill local population,up to setting houses on fire if they accepted humanitarian aid from Russia.Together with the National Guard, she delivered food to the Kherson region https://t.co/AmyyIzjXRR",#Ukraine,en,,0,08/03/2022 15:37,UkraineCombinedTweetsDeduped_MAR08.csv,en,False,False,UTC,"Deputy Head of Rossotrudnichestvo Poklonskaya visited #Ukraine and said that the nationalists threatened to kill local population,up to setting houses on fire if they accepted humanitarian aid from Russia.Together with the National Guard, she delivered food to the Kherson region",-1,0.0,LABEL_0
2453069245.0,TeamShakeri,Likes/RTs ‚â† endorsements üö´,Toronto,190,1361,159335,19/04/2014 12:28,1.50256e+18,2022-12-03 16:24:00+00:00,1,"@EmineDzheppar Wouldn¬¥t respect any Russian red cross flag on a military vehicle anymore. Insidious cowards. Most of these cars are stuffed with supplies/ammo for sure. Meanwhile Putins ""professionals"" murder children &amp; rape women in the villages/towns. Savages. No mercy for them. #StopPutinNow",,en,,0,12/03/2022 8:28,UkraineCombinedTweetsDeduped_MAR12.csv,en,False,True,UTC,"Wouldn¬¥t respect any Russian red cross flag on a military vehicle anymore. Insidious cowards. Most of these cars are stuffed with supplies/ammo for sure. Meanwhile Putins ""professionals"" murder children &amp; rape women in the villages/towns. Savages. No mercy for them. #StopPutinNow",0,1.0,LABEL_0
